start,
equal,
same,
affect,
bottom,
jump,
chief,
water,
crowd,
spent,
noon,
practice,
movie,
previous,
house,
silly,
neck,
arrangement,
his,
room,
now,
even,
shop,
dawn,
right,
plenty,
sad,
coat,
butter,
labor,
settlers,
explore,
generally,
number,
people,
length,
know,
minerals,
buffalo,
instrument,
headed,
strange,
live,
deal,
behind,
waste,
else,
habit,
again,
including,
this,
flat,
globe,
make,
forgotten,
became,
welcome,
mainly,
discovery,
lamp,
horse,
vast,
telephone,
stand,
column,
building,
weather,
material,
magnet,
inch,
ourselves,
human,
ball,
rock,
man,
product,
cream,
daily,
further,
orange,
chosen,
cook,
run,
whose,
wall,
yesterday,
party,
rice,
capital,
studying,
reason,
aboard,
health,
available,
excitement,
correct,
shoulder
composition,
nearest,
satellites,
tea,
sometime,
proper,
realize,
policeman,
twenty,
inch,
correct,
title,
thank,
army,
went,
me,
white,
right,
since,
lying,
sometime,
daughter,
lose,
bound,
journey,
two,
stiff,
newspaper,
process,
shall,
official,
missing,
short,
region,
heart,
engine,
nest,
smell,
hardly,
swimming,
tail,
write,
along,
ago,
easy,
breathing,
doll,
it,
goose,
middle,
mad,
wear,
room,
mountain,
event,
wooden,
skill,
cut,
wave,
noted,
journey,
brush,
shaking,
century,
cake,
brown,
then,
stiff,
bent,
myself,
rather,
pass,
sure,
ice,
had,
contain,
second,
deep,
my,
song,
education,
harbor,
burst,
bowl,
rhythm,
represent,
count,
comfortable,
chamber,
attack,
fifteen,
lower,
wide,
nation,
gravity,
song,
date